{"cameraMode":{"drawMode":0,"name":"Shaded","section":"Shading Mode"},"sceneLighting":false,"audioPlay":false,"sceneViewState":{"showFog":true,"showMaterialUpdate":false,"showSkybox":false,"showFlares":true,"showImageEffects":true,"showParticleSystems":true},"in2DMode":false,"pivot":{"x":8.809432029724121,"y":4.428910255432129,"z":0.3516547679901123},"rotation":{"x":0.022481536492705346,"y":-0.03837890923023224,"z":0.0008636739803478122,"w":0.9990099668502808},"size":1.8703306913375855,"orthographic":false}